[
  {"model": "activities.city", "pk": 1, "fields": {"name": "Austin", "state": "Texas", "slug": "austin"}},
  {"model": "activities.city", "pk": 2, "fields": {"name": "Portland", "state": "Oregon", "slug": "portland"}},
  {"model": "activities.city", "pk": 3, "fields": {"name": "Denver", "state": "Colorado", "slug": "denver"}},
  {"model": "activities.city", "pk": 4, "fields": {"name": "St. Louis City", "state": "Missouri", "slug": "st-louis-city"}},
  {"model": "activities.city", "pk": 5, "fields": {"name": "St. Louis County", "state": "Missouri", "slug": "st-louis-county"}},
  {"model": "activities.city", "pk": 6, "fields": {"name": "East St. Louis", "state": "Illinois", "slug": "east-st-louis"}},
  {"model": "activities.city", "pk": 7, "fields": {"name": "Belleville", "state": "Illinois", "slug": "belleville"}},
  {"model": "activities.city", "pk": 8, "fields": {"name": "Collinsville", "state": "Illinois", "slug": "collinsville"}},
  {"model": "activities.city", "pk": 9, "fields": {"name": "Edwardsville", "state": "Illinois", "slug": "edwardsville"}},
  {"model": "activities.city", "pk": 10, "fields": {"name": "Granite City", "state": "Illinois", "slug": "granite-city"}},
  {"model": "activities.city", "pk": 11, "fields": {"name": "Alton", "state": "Illinois", "slug": "alton"}},
  {"model": "activities.city", "pk": 12, "fields": {"name": "O'Fallon", "state": "Illinois", "slug": "ofallon-il"}},
  {"model": "activities.city", "pk": 13, "fields": {"name": "Fairview Heights", "state": "Illinois", "slug": "fairview-heights"}},
  {"model": "activities.city", "pk": 14, "fields": {"name": "Maryville", "state": "Illinois", "slug": "maryville"}},
  {"model": "activities.city", "pk": 15, "fields": {"name": "Glen Carbon", "state": "Illinois", "slug": "glen-carbon"}},
  {"model": "activities.city", "pk": 16, "fields": {"name": "Troy", "state": "Illinois", "slug": "troy-il"}},
  {"model": "activities.city", "pk": 17, "fields": {"name": "Swansea", "state": "Illinois", "slug": "swansea"}},
  {"model": "activities.city", "pk": 18, "fields": {"name": "Shiloh", "state": "Illinois", "slug": "shiloh"}},
  {"model": "activities.city", "pk": 19, "fields": {"name": "Cahokia Heights", "state": "Illinois", "slug": "cahokia-heights"}},
  {"model": "activities.city", "pk": 20, "fields": {"name": "Wood River", "state": "Illinois", "slug": "wood-river"}},
  {"model": "activities.city", "pk": 21, "fields": {"name": "Godfrey", "state": "Illinois", "slug": "godfrey"}},
  {"model": "activities.city", "pk": 22, "fields": {"name": "Bethalto", "state": "Illinois", "slug": "bethalto"}},
  {"model": "activities.city", "pk": 23, "fields": {"name": "Highland", "state": "Illinois", "slug": "highland-il"}},

  {"model": "activities.neighborhood", "pk": 1, "fields": {"city": 1, "name": "East Austin", "slug": "east-austin"}},
  {"model": "activities.neighborhood", "pk": 2, "fields": {"city": 1, "name": "South Congress", "slug": "south-congress"}},
  {"model": "activities.neighborhood", "pk": 3, "fields": {"city": 1, "name": "Mueller", "slug": "mueller"}},
  {"model": "activities.neighborhood", "pk": 4, "fields": {"city": 1, "name": "Hyde Park", "slug": "hyde-park"}},
  {"model": "activities.neighborhood", "pk": 5, "fields": {"city": 2, "name": "Alberta Arts", "slug": "alberta-arts"}},
  {"model": "activities.neighborhood", "pk": 6, "fields": {"city": 2, "name": "Hawthorne", "slug": "hawthorne"}},
  {"model": "activities.neighborhood", "pk": 7, "fields": {"city": 2, "name": "Division", "slug": "division"}},
  {"model": "activities.neighborhood", "pk": 8, "fields": {"city": 3, "name": "RiNo", "slug": "rino"}},
  {"model": "activities.neighborhood", "pk": 9, "fields": {"city": 3, "name": "Capitol Hill", "slug": "capitol-hill"}},
  {"model": "activities.neighborhood", "pk": 10, "fields": {"city": 3, "name": "Highlands", "slug": "highlands"}},

  {"model": "activities.neighborhood", "pk": 11, "fields": {"city": 4, "name": "Benton Park", "slug": "benton-park"}},
  {"model": "activities.neighborhood", "pk": 12, "fields": {"city": 4, "name": "Benton Park West", "slug": "benton-park-west"}},
  {"model": "activities.neighborhood", "pk": 13, "fields": {"city": 4, "name": "Bevo Mill", "slug": "bevo-mill"}},
  {"model": "activities.neighborhood", "pk": 14, "fields": {"city": 4, "name": "Boulevard Heights", "slug": "boulevard-heights"}},
  {"model": "activities.neighborhood", "pk": 15, "fields": {"city": 4, "name": "Carondelet", "slug": "carondelet"}},
  {"model": "activities.neighborhood", "pk": 16, "fields": {"city": 4, "name": "Carr Square", "slug": "carr-square"}},
  {"model": "activities.neighborhood", "pk": 17, "fields": {"city": 4, "name": "Central West End", "slug": "central-west-end"}},
  {"model": "activities.neighborhood", "pk": 18, "fields": {"city": 4, "name": "Cheltenham", "slug": "cheltenham"}},
  {"model": "activities.neighborhood", "pk": 19, "fields": {"city": 4, "name": "Clifton Heights", "slug": "clifton-heights"}},
  {"model": "activities.neighborhood", "pk": 20, "fields": {"city": 4, "name": "College Hill", "slug": "college-hill"}},
  {"model": "activities.neighborhood", "pk": 21, "fields": {"city": 4, "name": "Columbus Square", "slug": "columbus-square"}},
  {"model": "activities.neighborhood", "pk": 22, "fields": {"city": 4, "name": "Compton Heights", "slug": "compton-heights"}},
  {"model": "activities.neighborhood", "pk": 23, "fields": {"city": 4, "name": "Covenant Blu-Grand Center", "slug": "covenant-blu-grand-center"}},
  {"model": "activities.neighborhood", "pk": 24, "fields": {"city": 4, "name": "DeBaliviere Place", "slug": "debaliviere-place"}},
  {"model": "activities.neighborhood", "pk": 25, "fields": {"city": 4, "name": "Downtown", "slug": "downtown-stl"}},
  {"model": "activities.neighborhood", "pk": 26, "fields": {"city": 4, "name": "Downtown West", "slug": "downtown-west"}},
  {"model": "activities.neighborhood", "pk": 27, "fields": {"city": 4, "name": "Dutchtown", "slug": "dutchtown"}},
  {"model": "activities.neighborhood", "pk": 28, "fields": {"city": 4, "name": "Ellendale", "slug": "ellendale"}},
  {"model": "activities.neighborhood", "pk": 29, "fields": {"city": 4, "name": "Fairground", "slug": "fairground"}},
  {"model": "activities.neighborhood", "pk": 30, "fields": {"city": 4, "name": "Forest Park Southeast", "slug": "forest-park-southeast"}},
  {"model": "activities.neighborhood", "pk": 31, "fields": {"city": 4, "name": "Fox Park", "slug": "fox-park"}},
  {"model": "activities.neighborhood", "pk": 32, "fields": {"city": 4, "name": "Franz Park", "slug": "franz-park"}},
  {"model": "activities.neighborhood", "pk": 33, "fields": {"city": 4, "name": "Fountain Park", "slug": "fountain-park"}},
  {"model": "activities.neighborhood", "pk": 34, "fields": {"city": 4, "name": "The Gate District", "slug": "gate-district"}},
  {"model": "activities.neighborhood", "pk": 35, "fields": {"city": 4, "name": "Gravois Park", "slug": "gravois-park"}},
  {"model": "activities.neighborhood", "pk": 36, "fields": {"city": 4, "name": "Hamilton Heights", "slug": "hamilton-heights"}},
  {"model": "activities.neighborhood", "pk": 37, "fields": {"city": 4, "name": "Hi-Pointe", "slug": "hi-pointe"}},
  {"model": "activities.neighborhood", "pk": 38, "fields": {"city": 4, "name": "The Hill", "slug": "the-hill"}},
  {"model": "activities.neighborhood", "pk": 39, "fields": {"city": 4, "name": "Holly Hills", "slug": "holly-hills"}},
  {"model": "activities.neighborhood", "pk": 40, "fields": {"city": 4, "name": "Hyde Park", "slug": "hyde-park-stl"}},
  {"model": "activities.neighborhood", "pk": 41, "fields": {"city": 4, "name": "Jeff-Vander-Lou", "slug": "jeff-vander-lou"}},
  {"model": "activities.neighborhood", "pk": 42, "fields": {"city": 4, "name": "Kingsway East", "slug": "kingsway-east"}},
  {"model": "activities.neighborhood", "pk": 43, "fields": {"city": 4, "name": "Kingsway West", "slug": "kingsway-west"}},
  {"model": "activities.neighborhood", "pk": 44, "fields": {"city": 4, "name": "Kosciusko", "slug": "kosciusko"}},
  {"model": "activities.neighborhood", "pk": 45, "fields": {"city": 4, "name": "Lafayette Square", "slug": "lafayette-square"}},
  {"model": "activities.neighborhood", "pk": 46, "fields": {"city": 4, "name": "Lindenwood Park", "slug": "lindenwood-park"}},
  {"model": "activities.neighborhood", "pk": 47, "fields": {"city": 4, "name": "Marine Villa", "slug": "marine-villa"}},
  {"model": "activities.neighborhood", "pk": 48, "fields": {"city": 4, "name": "Mark Twain", "slug": "mark-twain"}},
  {"model": "activities.neighborhood", "pk": 49, "fields": {"city": 4, "name": "McKinley Heights", "slug": "mckinley-heights"}},
  {"model": "activities.neighborhood", "pk": 50, "fields": {"city": 4, "name": "Midtown", "slug": "midtown-stl"}},
  {"model": "activities.neighborhood", "pk": 51, "fields": {"city": 4, "name": "Mount Pleasant", "slug": "mount-pleasant"}},
  {"model": "activities.neighborhood", "pk": 52, "fields": {"city": 4, "name": "North Hampton", "slug": "north-hampton"}},
  {"model": "activities.neighborhood", "pk": 53, "fields": {"city": 4, "name": "North Pointe", "slug": "north-pointe"}},
  {"model": "activities.neighborhood", "pk": 54, "fields": {"city": 4, "name": "North Riverfront", "slug": "north-riverfront"}},
  {"model": "activities.neighborhood", "pk": 55, "fields": {"city": 4, "name": "O'Fallon", "slug": "ofallon-stl"}},
  {"model": "activities.neighborhood", "pk": 56, "fields": {"city": 4, "name": "Old North St. Louis", "slug": "old-north-stl"}},
  {"model": "activities.neighborhood", "pk": 57, "fields": {"city": 4, "name": "Patch", "slug": "patch"}},
  {"model": "activities.neighborhood", "pk": 58, "fields": {"city": 4, "name": "Peabody-Darst-Webbe", "slug": "peabody-darst-webbe"}},
  {"model": "activities.neighborhood", "pk": 59, "fields": {"city": 4, "name": "Penrose", "slug": "penrose"}},
  {"model": "activities.neighborhood", "pk": 60, "fields": {"city": 4, "name": "Princeton Heights", "slug": "princeton-heights"}},
  {"model": "activities.neighborhood", "pk": 61, "fields": {"city": 4, "name": "Riverview", "slug": "riverview-stl"}},
  {"model": "activities.neighborhood", "pk": 62, "fields": {"city": 4, "name": "St. Louis Hills", "slug": "st-louis-hills"}},
  {"model": "activities.neighborhood", "pk": 63, "fields": {"city": 4, "name": "St. Louis Place", "slug": "st-louis-place"}},
  {"model": "activities.neighborhood", "pk": 64, "fields": {"city": 4, "name": "Shaw", "slug": "shaw"}},
  {"model": "activities.neighborhood", "pk": 65, "fields": {"city": 4, "name": "Skinker-DeBaliviere", "slug": "skinker-debaliviere"}},
  {"model": "activities.neighborhood", "pk": 66, "fields": {"city": 4, "name": "Soulard", "slug": "soulard"}},
  {"model": "activities.neighborhood", "pk": 67, "fields": {"city": 4, "name": "Southampton", "slug": "southampton"}},
  {"model": "activities.neighborhood", "pk": 68, "fields": {"city": 4, "name": "Southwest Garden", "slug": "southwest-garden"}},
  {"model": "activities.neighborhood", "pk": 69, "fields": {"city": 4, "name": "The Ville", "slug": "the-ville"}},
  {"model": "activities.neighborhood", "pk": 70, "fields": {"city": 4, "name": "Tower Grove East", "slug": "tower-grove-east"}},
  {"model": "activities.neighborhood", "pk": 71, "fields": {"city": 4, "name": "Tower Grove South", "slug": "tower-grove-south"}},
  {"model": "activities.neighborhood", "pk": 72, "fields": {"city": 4, "name": "Tiffany", "slug": "tiffany"}},
  {"model": "activities.neighborhood", "pk": 73, "fields": {"city": 4, "name": "Vandeventer", "slug": "vandeventer"}},
  {"model": "activities.neighborhood", "pk": 74, "fields": {"city": 4, "name": "Visitation Park", "slug": "visitation-park"}},
  {"model": "activities.neighborhood", "pk": 75, "fields": {"city": 4, "name": "Walnut Park East", "slug": "walnut-park-east"}},
  {"model": "activities.neighborhood", "pk": 76, "fields": {"city": 4, "name": "Walnut Park West", "slug": "walnut-park-west"}},
  {"model": "activities.neighborhood", "pk": 77, "fields": {"city": 4, "name": "Wells-Goodfellow", "slug": "wells-goodfellow"}},
  {"model": "activities.neighborhood", "pk": 78, "fields": {"city": 4, "name": "West End", "slug": "west-end-stl"}},
  {"model": "activities.neighborhood", "pk": 79, "fields": {"city": 4, "name": "Wydown-Skinker", "slug": "wydown-skinker"}},
  {"model": "activities.neighborhood", "pk": 80, "fields": {"city": 4, "name": "Baden", "slug": "baden"}},
  {"model": "activities.neighborhood", "pk": 81, "fields": {"city": 4, "name": "Kingshighway Hills", "slug": "kingshighway-hills"}},
  {"model": "activities.neighborhood", "pk": 82, "fields": {"city": 4, "name": "Clayton-Tamm", "slug": "clayton-tamm"}},
  {"model": "activities.neighborhood", "pk": 83, "fields": {"city": 4, "name": "Dogtown", "slug": "dogtown"}},
  {"model": "activities.neighborhood", "pk": 84, "fields": {"city": 4, "name": "McRee Town", "slug": "mcree-town"}},
  {"model": "activities.neighborhood", "pk": 85, "fields": {"city": 4, "name": "Gravois Park", "slug": "gravois-park-south"}},
  {"model": "activities.neighborhood", "pk": 86, "fields": {"city": 4, "name": "Dutchtown West", "slug": "dutchtown-west"}},
  {"model": "activities.neighborhood", "pk": 87, "fields": {"city": 4, "name": "Acres", "slug": "acres"}},
  {"model": "activities.neighborhood", "pk": 88, "fields": {"city": 4, "name": "Botanical Heights", "slug": "botanical-heights"}},
  {"model": "activities.neighborhood", "pk": 89, "fields": {"city": 4, "name": "LaSalle Park", "slug": "lasalle-park"}},

  {"model": "activities.neighborhood", "pk": 100, "fields": {"city": 5, "name": "Ballwin", "slug": "ballwin"}},
  {"model": "activities.neighborhood", "pk": 101, "fields": {"city": 5, "name": "Bella Villa", "slug": "bella-villa"}},
  {"model": "activities.neighborhood", "pk": 102, "fields": {"city": 5, "name": "Bellefontaine Neighbors", "slug": "bellefontaine-neighbors"}},
  {"model": "activities.neighborhood", "pk": 103, "fields": {"city": 5, "name": "Bel-Nor", "slug": "bel-nor"}},
  {"model": "activities.neighborhood", "pk": 104, "fields": {"city": 5, "name": "Bel-Ridge", "slug": "bel-ridge"}},
  {"model": "activities.neighborhood", "pk": 105, "fields": {"city": 5, "name": "Berkeley", "slug": "berkeley"}},
  {"model": "activities.neighborhood", "pk": 106, "fields": {"city": 5, "name": "Beverly Hills", "slug": "beverly-hills-mo"}},
  {"model": "activities.neighborhood", "pk": 107, "fields": {"city": 5, "name": "Black Jack", "slug": "black-jack"}},
  {"model": "activities.neighborhood", "pk": 108, "fields": {"city": 5, "name": "Breckenridge Hills", "slug": "breckenridge-hills"}},
  {"model": "activities.neighborhood", "pk": 109, "fields": {"city": 5, "name": "Brentwood", "slug": "brentwood"}},
  {"model": "activities.neighborhood", "pk": 110, "fields": {"city": 5, "name": "Bridgeton", "slug": "bridgeton"}},
  {"model": "activities.neighborhood", "pk": 111, "fields": {"city": 5, "name": "Calverton Park", "slug": "calverton-park"}},
  {"model": "activities.neighborhood", "pk": 112, "fields": {"city": 5, "name": "Charlack", "slug": "charlack"}},
  {"model": "activities.neighborhood", "pk": 113, "fields": {"city": 5, "name": "Chesterfield", "slug": "chesterfield"}},
  {"model": "activities.neighborhood", "pk": 114, "fields": {"city": 5, "name": "Clarkson Valley", "slug": "clarkson-valley"}},
  {"model": "activities.neighborhood", "pk": 115, "fields": {"city": 5, "name": "Clayton", "slug": "clayton"}},
  {"model": "activities.neighborhood", "pk": 116, "fields": {"city": 5, "name": "Cool Valley", "slug": "cool-valley"}},
  {"model": "activities.neighborhood", "pk": 117, "fields": {"city": 5, "name": "Country Club Hills", "slug": "country-club-hills"}},
  {"model": "activities.neighborhood", "pk": 118, "fields": {"city": 5, "name": "Country Life Acres", "slug": "country-life-acres"}},
  {"model": "activities.neighborhood", "pk": 119, "fields": {"city": 5, "name": "Crestwood", "slug": "crestwood"}},
  {"model": "activities.neighborhood", "pk": 120, "fields": {"city": 5, "name": "Creve Coeur", "slug": "creve-coeur"}},
  {"model": "activities.neighborhood", "pk": 121, "fields": {"city": 5, "name": "Crystal Lake Park", "slug": "crystal-lake-park"}},
  {"model": "activities.neighborhood", "pk": 122, "fields": {"city": 5, "name": "Dellwood", "slug": "dellwood"}},
  {"model": "activities.neighborhood", "pk": 123, "fields": {"city": 5, "name": "Des Peres", "slug": "des-peres"}},
  {"model": "activities.neighborhood", "pk": 124, "fields": {"city": 5, "name": "Edmundson", "slug": "edmundson"}},
  {"model": "activities.neighborhood", "pk": 125, "fields": {"city": 5, "name": "Ellisville", "slug": "ellisville"}},
  {"model": "activities.neighborhood", "pk": 126, "fields": {"city": 5, "name": "Eureka", "slug": "eureka"}},
  {"model": "activities.neighborhood", "pk": 127, "fields": {"city": 5, "name": "Fenton", "slug": "fenton"}},
  {"model": "activities.neighborhood", "pk": 128, "fields": {"city": 5, "name": "Ferguson", "slug": "ferguson"}},
  {"model": "activities.neighborhood", "pk": 129, "fields": {"city": 5, "name": "Flordell Hills", "slug": "flordell-hills"}},
  {"model": "activities.neighborhood", "pk": 130, "fields": {"city": 5, "name": "Florissant", "slug": "florissant"}},
  {"model": "activities.neighborhood", "pk": 131, "fields": {"city": 5, "name": "Frontenac", "slug": "frontenac"}},
  {"model": "activities.neighborhood", "pk": 132, "fields": {"city": 5, "name": "Glendale", "slug": "glendale-mo"}},
  {"model": "activities.neighborhood", "pk": 133, "fields": {"city": 5, "name": "Grantwood Village", "slug": "grantwood-village"}},
  {"model": "activities.neighborhood", "pk": 134, "fields": {"city": 5, "name": "Green Park", "slug": "green-park"}},
  {"model": "activities.neighborhood", "pk": 135, "fields": {"city": 5, "name": "Greendale", "slug": "greendale"}},
  {"model": "activities.neighborhood", "pk": 136, "fields": {"city": 5, "name": "Hanley Hills", "slug": "hanley-hills"}},
  {"model": "activities.neighborhood", "pk": 137, "fields": {"city": 5, "name": "Hazelwood", "slug": "hazelwood"}},
  {"model": "activities.neighborhood", "pk": 138, "fields": {"city": 5, "name": "Hillsdale", "slug": "hillsdale"}},
  {"model": "activities.neighborhood", "pk": 139, "fields": {"city": 5, "name": "Huntleigh", "slug": "huntleigh"}},
  {"model": "activities.neighborhood", "pk": 140, "fields": {"city": 5, "name": "Jennings", "slug": "jennings"}},
  {"model": "activities.neighborhood", "pk": 141, "fields": {"city": 5, "name": "Kinloch", "slug": "kinloch"}},
  {"model": "activities.neighborhood", "pk": 142, "fields": {"city": 5, "name": "Kirkwood", "slug": "kirkwood"}},
  {"model": "activities.neighborhood", "pk": 143, "fields": {"city": 5, "name": "Ladue", "slug": "ladue"}},
  {"model": "activities.neighborhood", "pk": 144, "fields": {"city": 5, "name": "Lakeshire", "slug": "lakeshire"}},
  {"model": "activities.neighborhood", "pk": 145, "fields": {"city": 5, "name": "Manchester", "slug": "manchester"}},
  {"model": "activities.neighborhood", "pk": 146, "fields": {"city": 5, "name": "Maplewood", "slug": "maplewood"}},
  {"model": "activities.neighborhood", "pk": 147, "fields": {"city": 5, "name": "Marlborough", "slug": "marlborough"}},
  {"model": "activities.neighborhood", "pk": 148, "fields": {"city": 5, "name": "Maryland Heights", "slug": "maryland-heights"}},
  {"model": "activities.neighborhood", "pk": 149, "fields": {"city": 5, "name": "Moline Acres", "slug": "moline-acres"}},
  {"model": "activities.neighborhood", "pk": 150, "fields": {"city": 5, "name": "Normandy", "slug": "normandy"}},
  {"model": "activities.neighborhood", "pk": 151, "fields": {"city": 5, "name": "Northwoods", "slug": "northwoods"}},
  {"model": "activities.neighborhood", "pk": 152, "fields": {"city": 5, "name": "Norwood Court", "slug": "norwood-court"}},
  {"model": "activities.neighborhood", "pk": 153, "fields": {"city": 5, "name": "Oakland", "slug": "oakland-mo"}},
  {"model": "activities.neighborhood", "pk": 154, "fields": {"city": 5, "name": "Olivette", "slug": "olivette"}},
  {"model": "activities.neighborhood", "pk": 155, "fields": {"city": 5, "name": "Overland", "slug": "overland"}},
  {"model": "activities.neighborhood", "pk": 156, "fields": {"city": 5, "name": "Pagedale", "slug": "pagedale"}},
  {"model": "activities.neighborhood", "pk": 157, "fields": {"city": 5, "name": "Pasadena Hills", "slug": "pasadena-hills"}},
  {"model": "activities.neighborhood", "pk": 158, "fields": {"city": 5, "name": "Pasadena Park", "slug": "pasadena-park"}},
  {"model": "activities.neighborhood", "pk": 159, "fields": {"city": 5, "name": "Pine Lawn", "slug": "pine-lawn"}},
  {"model": "activities.neighborhood", "pk": 160, "fields": {"city": 5, "name": "Richmond Heights", "slug": "richmond-heights"}},
  {"model": "activities.neighborhood", "pk": 161, "fields": {"city": 5, "name": "Riverview", "slug": "riverview-mo"}},
  {"model": "activities.neighborhood", "pk": 162, "fields": {"city": 5, "name": "Rock Hill", "slug": "rock-hill"}},
  {"model": "activities.neighborhood", "pk": 163, "fields": {"city": 5, "name": "Shrewsbury", "slug": "shrewsbury"}},
  {"model": "activities.neighborhood", "pk": 164, "fields": {"city": 5, "name": "St. Ann", "slug": "st-ann"}},
  {"model": "activities.neighborhood", "pk": 165, "fields": {"city": 5, "name": "St. John", "slug": "st-john"}},
  {"model": "activities.neighborhood", "pk": 166, "fields": {"city": 5, "name": "Sunset Hills", "slug": "sunset-hills"}},
  {"model": "activities.neighborhood", "pk": 167, "fields": {"city": 5, "name": "Sycamore Hills", "slug": "sycamore-hills"}},
  {"model": "activities.neighborhood", "pk": 168, "fields": {"city": 5, "name": "Town and Country", "slug": "town-and-country"}},
  {"model": "activities.neighborhood", "pk": 169, "fields": {"city": 5, "name": "Twin Oaks", "slug": "twin-oaks"}},
  {"model": "activities.neighborhood", "pk": 170, "fields": {"city": 5, "name": "University City", "slug": "university-city"}},
  {"model": "activities.neighborhood", "pk": 171, "fields": {"city": 5, "name": "Uplands Park", "slug": "uplands-park"}},
  {"model": "activities.neighborhood", "pk": 172, "fields": {"city": 5, "name": "Valley Park", "slug": "valley-park"}},
  {"model": "activities.neighborhood", "pk": 173, "fields": {"city": 5, "name": "Velda City", "slug": "velda-city"}},
  {"model": "activities.neighborhood", "pk": 174, "fields": {"city": 5, "name": "Velda Village Hills", "slug": "velda-village-hills"}},
  {"model": "activities.neighborhood", "pk": 175, "fields": {"city": 5, "name": "Vinita Park", "slug": "vinita-park"}},
  {"model": "activities.neighborhood", "pk": 176, "fields": {"city": 5, "name": "Warson Woods", "slug": "warson-woods"}},
  {"model": "activities.neighborhood", "pk": 177, "fields": {"city": 5, "name": "Webster Groves", "slug": "webster-groves"}},
  {"model": "activities.neighborhood", "pk": 178, "fields": {"city": 5, "name": "Wellston", "slug": "wellston"}},
  {"model": "activities.neighborhood", "pk": 179, "fields": {"city": 5, "name": "Westwood", "slug": "westwood"}},
  {"model": "activities.neighborhood", "pk": 180, "fields": {"city": 5, "name": "Wildwood", "slug": "wildwood"}},
  {"model": "activities.neighborhood", "pk": 181, "fields": {"city": 5, "name": "Winchester", "slug": "winchester"}},
  {"model": "activities.neighborhood", "pk": 182, "fields": {"city": 5, "name": "Woodson Terrace", "slug": "woodson-terrace"}},

  {"model": "activities.neighborhood", "pk": 200, "fields": {"city": 6, "name": "Downtown East St. Louis", "slug": "downtown-esl"}},
  {"model": "activities.neighborhood", "pk": 201, "fields": {"city": 6, "name": "State Street", "slug": "state-street"}},
  {"model": "activities.neighborhood", "pk": 202, "fields": {"city": 6, "name": "Lansdowne", "slug": "lansdowne"}},
  {"model": "activities.neighborhood", "pk": 203, "fields": {"city": 6, "name": "South End", "slug": "south-end-esl"}},
  {"model": "activities.neighborhood", "pk": 204, "fields": {"city": 6, "name": "Emerson Park", "slug": "emerson-park"}},

  {"model": "activities.neighborhood", "pk": 210, "fields": {"city": 7, "name": "Downtown Belleville", "slug": "downtown-belleville"}},
  {"model": "activities.neighborhood", "pk": 211, "fields": {"city": 7, "name": "West Belleville", "slug": "west-belleville"}},
  {"model": "activities.neighborhood", "pk": 212, "fields": {"city": 7, "name": "East Belleville", "slug": "east-belleville"}},
  {"model": "activities.neighborhood", "pk": 213, "fields": {"city": 7, "name": "Signal Hill", "slug": "signal-hill"}},
  {"model": "activities.neighborhood", "pk": 214, "fields": {"city": 7, "name": "Belle Valley", "slug": "belle-valley"}},

  {"model": "activities.neighborhood", "pk": 220, "fields": {"city": 8, "name": "Downtown Collinsville", "slug": "downtown-collinsville"}},
  {"model": "activities.neighborhood", "pk": 221, "fields": {"city": 8, "name": "Eastport", "slug": "eastport"}},
  {"model": "activities.neighborhood", "pk": 222, "fields": {"city": 8, "name": "Holiday Shores", "slug": "holiday-shores"}},

  {"model": "activities.neighborhood", "pk": 230, "fields": {"city": 9, "name": "Downtown Edwardsville", "slug": "downtown-edwardsville"}},
  {"model": "activities.neighborhood", "pk": 231, "fields": {"city": 9, "name": "SIUE Area", "slug": "siue-area"}},
  {"model": "activities.neighborhood", "pk": 232, "fields": {"city": 9, "name": "Leclaire", "slug": "leclaire"}},
  {"model": "activities.neighborhood", "pk": 233, "fields": {"city": 9, "name": "Montclaire", "slug": "montclaire"}},

  {"model": "activities.neighborhood", "pk": 240, "fields": {"city": 10, "name": "Downtown Granite City", "slug": "downtown-granite-city"}},
  {"model": "activities.neighborhood", "pk": 241, "fields": {"city": 10, "name": "Nameoki", "slug": "nameoki"}},
  {"model": "activities.neighborhood", "pk": 242, "fields": {"city": 10, "name": "Mitchell", "slug": "mitchell"}},
  {"model": "activities.neighborhood", "pk": 243, "fields": {"city": 10, "name": "Wilson Park", "slug": "wilson-park"}},

  {"model": "activities.neighborhood", "pk": 250, "fields": {"city": 11, "name": "Downtown Alton", "slug": "downtown-alton"}},
  {"model": "activities.neighborhood", "pk": 251, "fields": {"city": 11, "name": "Upper Alton", "slug": "upper-alton"}},
  {"model": "activities.neighborhood", "pk": 252, "fields": {"city": 11, "name": "Middletown", "slug": "middletown-alton"}},
  {"model": "activities.neighborhood", "pk": 253, "fields": {"city": 11, "name": "North Alton", "slug": "north-alton"}},

  {"model": "activities.neighborhood", "pk": 260, "fields": {"city": 12, "name": "Downtown O'Fallon", "slug": "downtown-ofallon-il"}},
  {"model": "activities.neighborhood", "pk": 261, "fields": {"city": 12, "name": "Westview", "slug": "westview"}},
  {"model": "activities.neighborhood", "pk": 262, "fields": {"city": 12, "name": "Shiloh Valley", "slug": "shiloh-valley"}},

  {"model": "activities.neighborhood", "pk": 270, "fields": {"city": 13, "name": "Downtown Fairview Heights", "slug": "downtown-fairview-heights"}},
  {"model": "activities.neighborhood", "pk": 271, "fields": {"city": 13, "name": "St. Clair Square Area", "slug": "st-clair-square-area"}},

  {"model": "activities.neighborhood", "pk": 280, "fields": {"city": 14, "name": "Downtown Maryville", "slug": "downtown-maryville"}},
  {"model": "activities.neighborhood", "pk": 281, "fields": {"city": 14, "name": "Anderson Hospital Area", "slug": "anderson-hospital-area"}},

  {"model": "activities.neighborhood", "pk": 290, "fields": {"city": 15, "name": "Downtown Glen Carbon", "slug": "downtown-glen-carbon"}},
  {"model": "activities.neighborhood", "pk": 291, "fields": {"city": 15, "name": "Glen Crossing", "slug": "glen-crossing"}},

  {"model": "activities.neighborhood", "pk": 300, "fields": {"city": 16, "name": "Downtown Troy", "slug": "downtown-troy-il"}},
  {"model": "activities.neighborhood", "pk": 301, "fields": {"city": 16, "name": "Tri-Township Park Area", "slug": "tri-township-park-area"}},

  {"model": "activities.neighborhood", "pk": 310, "fields": {"city": 17, "name": "Downtown Swansea", "slug": "downtown-swansea"}},
  {"model": "activities.neighborhood", "pk": 311, "fields": {"city": 17, "name": "Metro East Area", "slug": "metro-east-area"}},

  {"model": "activities.neighborhood", "pk": 320, "fields": {"city": 18, "name": "Downtown Shiloh", "slug": "downtown-shiloh"}},
  {"model": "activities.neighborhood", "pk": 321, "fields": {"city": 18, "name": "Green Mount Area", "slug": "green-mount-area"}},

  {"model": "activities.neighborhood", "pk": 330, "fields": {"city": 19, "name": "Cahokia", "slug": "cahokia"}},
  {"model": "activities.neighborhood", "pk": 331, "fields": {"city": 19, "name": "Alorton", "slug": "alorton"}},
  {"model": "activities.neighborhood", "pk": 332, "fields": {"city": 19, "name": "Centreville", "slug": "centreville"}},

  {"model": "activities.neighborhood", "pk": 340, "fields": {"city": 20, "name": "Downtown Wood River", "slug": "downtown-wood-river"}},
  {"model": "activities.neighborhood", "pk": 341, "fields": {"city": 20, "name": "East Alton", "slug": "east-alton"}},

  {"model": "activities.neighborhood", "pk": 350, "fields": {"city": 21, "name": "Downtown Godfrey", "slug": "downtown-godfrey"}},
  {"model": "activities.neighborhood", "pk": 351, "fields": {"city": 21, "name": "Lewis and Clark Area", "slug": "lewis-and-clark-area"}},

  {"model": "activities.neighborhood", "pk": 360, "fields": {"city": 22, "name": "Downtown Bethalto", "slug": "downtown-bethalto"}},
  {"model": "activities.neighborhood", "pk": 361, "fields": {"city": 22, "name": "Meadowbrook", "slug": "meadowbrook"}},

  {"model": "activities.neighborhood", "pk": 370, "fields": {"city": 23, "name": "Downtown Highland", "slug": "downtown-highland-il"}},
  {"model": "activities.neighborhood", "pk": 371, "fields": {"city": 23, "name": "Silver Lake Area", "slug": "silver-lake-area"}}
]
